cccaDestination,jumlah
hmbhcqmrqm.com,54
fzgrpqktmq.com,51
ercfncabme.com,48
ngqajnrqgo.com,44
hgrbcdchpc.com,44
bqpddrhdno.com,42
iqmfbbdpbq.com,42
irqrbdmjig.com,42
bbnrdnicmo.com,40
faddbbhcno.com,40
cfdceqrdpr.com,40
bhcomfrcfb.com,40
hjngdagmjm.com,40
ahdnfppcgf.com,36
inqmjbbgnn.com,36
gqbmnacghq.com,36
hrfbmmdipd.com,34
jeaiqddgmq.com,34
odnnbpcccg.com,34
mhdgjcfgbd.com,34
jegbcrnbmh.com,33
ijraobngqd.com,32
gtxvdqvuweqs.com,32
brgfmfncnn.com,32
onogqdnghj.com,32
fqjoqgmbdf.com,31
rqedfdbbqd.com,28
wmcbeuwnnbmf.com,27
mmjbvlhudk.net,25
fwsprpowva.com,24
